### MNXref Version 2017/05/04 ###
#
#FILE:	comp_prop.tsv
#
#RESOURCE:	BiGG
#PREFIX:	bigg
#URL:	http://bigg.ucsd.edu
#VERSION:	1.3.0, last updated: 2016/11/21 (downloaded on 2017/04/11)
#LICENSE:	
#	Copyright 2015 The Regents of the University of California
#	
#	All Rights Reserved
#	
#	Permission to use, copy, modify and distribute any part of  BiGG  Models
#	for educational, research and  non-profit  purposes,  without  fee,  and
#	without a written agreement is hereby granted, provided that  the  above
#	copyright notice, this paragraph  and  the  following  three  paragraphs
#	appear in all copies.
#	
#	Those desiring to incorporate BiGG Models into  commercial  products  or
#	use for commercial purposes should contact  the  Technology  Transfer  &
#	Intellectual Property Services, University  of  California,  San  Diego,
#	9500 Gilman Drive, Mail Code 0910, La Jolla, CA  92093-0910,  Ph:  (858)
#	534-5815, FAX: (858) 534-7345, e-mail: invent@ucsd.edu.
#	
#	In no event shall the University of California be liable  to  any  party
#	for direct, indirect, special,  incidental,  or  consequential  damages,
#	including lost profits, arising out of the use of  this  bigg  database,
#	even if the University of California has been advised of the possibility
#	of such damage.
#	
#	The BiGG Models provided  herein  is  on  an  "as  is"  basis,  and  the
#	University of California  has  no  obligation  to  provide  maintenance,
#	support, updates, enhancements,  or  modifications.  The  University  of
#	California makes no representations and extends  no  warranties  of  any
#	kind, either implied or express, including,  but  not  limited  to,  the
#	implied warranties  of  merchantability  or  fitness  for  a  particular
#	purpose, or that the use of  the  BiGG  Models  will  not  infringe  any
#	patent, trademark or other rights.
#	(http://bigg.ucsd.edu/)
#
#RESOURCE:	The Cell Component Ontology
#PREFIX:	cco
#URL:	http://bioinformatics.ai.sri.com/CCO/
#VERSION:	20.5 (downloaded on 2017/04/13)
#LICENSE:	
#	"Open  Databases"  means  the  EcoCyc   and   MetaCyc   Pathway/genome
#	databases.
#	
#	2.1 Open Databases. SRI  hereby  grants  to  LICENSEE  a  non-exclusive,
#	royalty-free license to use, modify and redistribute the Open  Databases
#	(as such term  is  defined  in  Exhibit  B)  and  LICENSEE's  modified
#	versions thereof on a royalty-free basis, worldwide and for any purpose;
#	provided, in each case, that if LICENSEE modifies any Open Database (the
#	modified  version  being  a  "Modified  Open  Database"),  then  (i)
#	LICENSEE must provide a copy of the Modified Open Database to  SRI  (and
#	hereby grants to  SRI  a  nonexclusive,  royalty-free  license  to  use,
#	modify, and redistribute the Modified Open Database  worldwide  and  for
#	any purpose and to authorize others to do so);  and  (ii)  any  Modified
#	Open Databases, or websites from which such Modified Open Databases  may
#	be obtained, must clearly and prominently:
#	
#	(a) identify the Open Databases from which they were derived:
#	
#	(b) include all applicable copyright notices and author lists  from  the
#	Open Databases from which they were derived; and
#	
#	(c) identify or summarize all modifications that were made.
#	
#	Any distribution of such Modified Open Databases  without  the  required
#	notices is a violation of SRI's and its licensors' copyright  and  other
#	proprietary rights. All trademarks, service marks, and trade  names  are
#	proprietary to SRI and its licensors. The Open Databases, including  any
#	files incorporated in or generated from  the  Open  Databases  and  data
#	accompanying the Open Databases, are licensed to LICENSEE by SRI and its
#	licensors, and SRI and its licensors do not transfer title or any  other
#	rights in the Open Databases to LICENSEE. LICENSEE may not use the  Open
#	Databases except as otherwise specified herein.
#	
#	2.1.1 If SRI,  in  its  sole  discretion,  determines  that  a  Modified
#	Database is of sufficient quality and interest to the  community  to  be
#	hosted on biocyc.org, then SRI may (if the  Modified  Database  includes
#	significant curation over the original Open Database it is derived from,
#	or the last version of the Modified Database provided to SRI) provide to
#	LICENSEE a  personal,  one-year  subscription  to  biocyc  at  no  cost;
#	provided, however, that if LICENSEE edits the Modified  Database  via  a
#	MySQL server operated by SRI or  its  contractors,  such  free  one-year
#	subscription will be forfeited.
#	(http://biocyc.org/ptools-academic-license.shtml)
#
#RESOURCE:	ChEBI
#PREFIX:	chebi
#URL:	http://www.ebi.ac.uk/chebi/
#VERSION:	ChEBI Release version 150
#LICENSE:	
#	All data in the  database  is  non-proprietary  or  is  derived  from  a
#	non-proprietary source. It is thus freely accessible  and  available  to
#	anyone. In addition, each data item is fully  traceable  and  explicitly
#	referenced to the original source.
#	(http://www.ebi.ac.uk/chebi/aboutChebiForward.do)
#
#RESOURCE:	enviPath
#PREFIX:	envipath
#URL:	https://envipath.org/
#VERSION:	(downloaded on 2017/04/12)
#LICENSE:	
#	Attribution-NonCommercial-ShareAlike 4.0 International (CC BY-NC-SA 4.0)
#	This license  lets  others  remix,  tweak,  and  build  upon  your  work
#	non-commercially, as long as they  credit  you  and  license  their  new
#	creations under the identical terms.
#	(https://envipath.org/package/32de3cf4-e3e6-4168-956e-32fa5ddb0ce1)
#
#RESOURCE:	The Gene Ontology
#PREFIX:	go
#URL:	http://www.geneontology.org
#VERSION:	2017/03/31 (downloaded on 2017/04/11)
#LICENSE:	
#	Gene Ontology Consortium data and data products are licensed  under  the
#	Creative Commons Attribution  4.0  Unported  License.  A  human-readable
#	version and explanation is available at the  Creative  Commons  website.
#	For information about how to properly credit data use, please review the
#	Creative Commons FAQ or contact the GO Helpdesk.
#	
#	That said, the GOC wishes the users and consumers of  GO  data  publicly
#	display the date(s) and/or version number(s) of the relevant  GO  files,
#	data,  or  software  version.   The   GO   is   evolving   and   changes
#	regularly--this information is  critical  to  downstream  consumers  and
#	users.
#	(http://geneontology.org/page/use-and-license)
#
#RESOURCE:	HMDB
#PREFIX:	hmdb
#URL:	http://www.hmdb.ca
#VERSION:	3.6 (downloaded on 2017/04/12)
#LICENSE:	
#	HMDB is offered to the public as a freely available  resource.  Use  and
#	re-distribution of the  data,  in  whole  or  in  part,  for  commercial
#	purposes requires  explicit  permission  of  the  authors  and  explicit
#	acknowledgment  of  the  source  material  (HMDB)   and   the   original
#	publication.
#	(http://www.hmdb.ca/about)
#
#RESOURCE:	KEGG
#PREFIX:	kegg
#URL:	http://www.kegg.jp
#VERSION:	82.0+/04-12, Apr 17 (downloaded on 2017/04/12)
#LICENSE:	
#	Academic users may freely use the KEGG website and may also freely  link
#	to the KEGG website.
#	Non-academic  users  may  use  the  KEGG  website  as  end   users   for
#	non-commercial purposes, but any other use requires a license agreement.
#	Academic users who utilize KEGG  for  providing  academic  services  are
#	requested to obtain a KEGG  FTP  subscription  for  organizational  use,
#	which includes a proper license agreement.
#	Non-academic  users  and  Academic  users  intending  to  use  KEGG  for
#	commercial purposes are requested to obtain a license agreement  through
#	KEGG's exclusive licensing agent, Pathway Solutions.
#	(http://www.kegg.jp/kegg/legal.html)
#
#RESOURCE:	LipidMaps
#PREFIX:	lipidmaps
#URL:	http://www.lipidmaps.org
#VERSION:	2016/12/6 (downloaded on 2017/04/13)
#LICENSE:	
#	The Lipidomics Gateway is provided on an "as is" basis, without warranty
#	or representation of any kind, express or implied. The  content  of  the
#	Lipidomics Gateway website  is  protected  by  international  copyright,
#	trademark and other laws. You may download articles and web  pages  from
#	this site for your personal, non-commercial use only, provided that  you
#	keep intact all authorship, copyright and other proprietary notices. The
#	Featured Lipid can also be used for educational purposes, provided  that
#	credit is given to the Lipidomics Gateway. If  you  use  the  Lipidomics
#	Gateway, you accept these terms. The LIPID MAPS Consortium reserves  the
#	right to modify these terms at any time.
#	(http://www.lipidmaps.org/about/terms_of_use.html)
#
#RESOURCE:	MetaCyc
#PREFIX:	metacyc
#URL:	http://metacyc.org
#VERSION:	20.5 (downloaded on 2017/04/13)
#LICENSE:	
#	"Open  Databases"  means  the  EcoCyc   and   MetaCyc   Pathway/genome
#	databases.
#	
#	2.1 Open Databases. SRI  hereby  grants  to  LICENSEE  a  non-exclusive,
#	royalty-free license to use, modify and redistribute the Open  Databases
#	(as such term  is  defined  in  Exhibit  B)  and  LICENSEE's  modified
#	versions thereof on a royalty-free basis, worldwide and for any purpose;
#	provided, in each case, that if LICENSEE modifies any Open Database (the
#	modified  version  being  a  "Modified  Open  Database"),  then  (i)
#	LICENSEE must provide a copy of the Modified Open Database to  SRI  (and
#	hereby grants to  SRI  a  nonexclusive,  royalty-free  license  to  use,
#	modify, and redistribute the Modified Open Database  worldwide  and  for
#	any purpose and to authorize others to do so);  and  (ii)  any  Modified
#	Open Databases, or websites from which such Modified Open Databases  may
#	be obtained, must clearly and prominently:
#	
#	(a) identify the Open Databases from which they were derived:
#	
#	(b) include all applicable copyright notices and author lists  from  the
#	Open Databases from which they were derived; and
#	
#	(c) identify or summarize all modifications that were made.
#	
#	Any distribution of such Modified Open Databases  without  the  required
#	notices is a violation of SRI's and its licensors' copyright  and  other
#	proprietary rights. All trademarks, service marks, and trade  names  are
#	proprietary to SRI and its licensors. The Open Databases, including  any
#	files incorporated in or generated from  the  Open  Databases  and  data
#	accompanying the Open Databases, are licensed to LICENSEE by SRI and its
#	licensors, and SRI and its licensors do not transfer title or any  other
#	rights in the Open Databases to LICENSEE. LICENSEE may not use the  Open
#	Databases except as otherwise specified herein.
#	
#	2.1.1 If SRI,  in  its  sole  discretion,  determines  that  a  Modified
#	Database is of sufficient quality and interest to the  community  to  be
#	hosted on biocyc.org, then SRI may (if the  Modified  Database  includes
#	significant curation over the original Open Database it is derived from,
#	or the last version of the Modified Database provided to SRI) provide to
#	LICENSEE a  personal,  one-year  subscription  to  biocyc  at  no  cost;
#	provided, however, that if LICENSEE edits the Modified  Database  via  a
#	MySQL server operated by SRI or  its  contractors,  such  free  one-year
#	subscription will be forfeited.
#	(http://biocyc.org/ptools-academic-license.shtml)
#
#RESOURCE:	Reactome
#PREFIX:	reactome
#URL:	http://www.reactome.org
#VERSION:	59 on December 21, 2016 (downloaded on 2017/04/13)
#LICENSE:	
#	Creative Commons Attribution 4.0 International License
#	
#	Reactome is a free and open-source project, and you are free to download
#	Reactome software and data. The contents of Reactome are  copyright  (c)
#	2003-2016 Cold Spring Harbor Laboratory (CSHL),  Ontario  Institute  for
#	Cancer Research (OICR) and the European Bioinformatics Institute  (EBI).
#	The software and information contents are distributed under the terms of
#	the Creative Commons Attribution 4.0 International License, which grants
#	parties the non-exclusive right to use, distribute and create derivative
#	works based on Reactome, provided that the software and  information  is
#	correctly attributed to CSHL, OICR and EBI.
#	(http://www.reactome.org/pages/about/license-agreement/)
#
#RESOURCE:	Rhea
#PREFIX:	rhea
#URL:	http://www.rhea-db.org/
#VERSION:	81 (downloaded on 2017/04/13)
#LICENSE:	
#	All data in Rhea is freely accessible and available for anyone  to  use.
#	(http://www.rhea-db.org/)
#
#RESOURCE:	SABIO-RK
#PREFIX:	sabiork
#URL:	http://sabiork.h-its.org/
#VERSION:	Software Update: 2016/05/28 -- Database Release: 2016/05/17 (downloaded on 2016/05/27)
#LICENSE:	
#	HITS, gGmbH HITS own the  SABIO-RK  database,  its  interfaces  and  its
#	associated  documentation  (all  referred  to  in   the   following   as
#	"Database").  You  should  carefully  read  the  following   terms   and
#	conditions before  using  this  Database.  Your  use  of  this  Database
#	indicates your acceptance of this license agreement and  all  terms  and
#	conditions.You are hereby granted a non-exclusive  and  non-transferable
#	license to use  the  Database  according  to  the  following  terms  and
#	conditions. This license is  to  use  the  Database  for  Non-Commercial
#	Purpose only. Non-Commercial Purpose  means  the  use  of  the  Database
#	solely for  internal  non-commercial  research  and  academic  purposes.
#	Non-Commercial Purpose excludes, without  limitation,  any  use  of  the
#	Database, as part of, or in any way in  connection  with  a  product  or
#	service which is sold, offered for sale, licensed,  leased,  loaned,  or
#	rented. Permission to use this Database for  Non-Commercial  Purpose  is
#	hereby granted without fee and subject to the following  terms  of  this
#	license.
#	
#	Commercial Use
#	If you desire to  use  the  Database  for  profit-making  or  commercial
#	purposes, you agree to negotiate in good faith a license with  the  HITS
#	prior to such profit-making or commercial use. The HITS  shall  have  no
#	obligation to grant such license to you,  and  may  grant  exclusive  or
#	non-exclusive licenses to others. You agree to notify the  HITS  of  any
#	inquiries you have  for  commercial  use  of  the  Database  and/or  its
#	modifications. You may contact the following email to discuss commercial
#	use: sabiork at h-its.org
#	
#	Governing Law
#	This Agreement is governed  by  the  law  of  the  Federal  Republic  of
#	Germany. The application of the UN Convention on the Sale  of  Goods  is
#	excluded.
#	
#	Disclaimer of Warranty
#	Because this Database is licensed free of charge, there is  no  warranty
#	for the data in it contained and the methods used for its querying.  The
#	HITS makes no warranty or  representation  that  the  operation  of  the
#	Database in this compilation will be error-free, and the HITS  is  under
#	no obligation to provide any services, by way of maintenance, update, or
#	otherwise.
#	
#	THIS DATABASE AND THE  ACCOMPANYING  FILES  ARE  LICENSED  "AS  IS"  AND
#	WITHOUT WARRANTIES AS TO PERFORMANCE OR  MERCHANTABILITY  OR  ANY  OTHER
#	WARRANTIES WHETHER EXPRESSED OR IMPLIED. NO WARRANTY OF  FITNESS  FOR  A
#	PARTICULAR PURPOSE IS OFFERED. THE ENTIRE RISK AS  TO  THE  QUALITY  AND
#	PERFORMANCE OF THE  PROGRAM  IS  WITH  YOU.  SHOULD  THE  PROGRAM  PROVE
#	DEFECTIVE, YOU ASSUME THE COST OF ALL  NECESSARY  SERVICING,  REPAIR  OR
#	CORRECTION.
#	
#	Limitation of Liability
#	IN NO EVENT WILL  HITS,  OR  ANY  OTHER  PARTY  WHO  MAY  MODIFY  AND/OR
#	REDISTRIBUTE THE DATABASE AS PERMITTED  ABOVE,  BE  LIABLE  TO  YOU  FOR
#	DAMAGES, INCLUDING ANY GENERAL,  SPECIAL,  INCIDENTAL  OR  CONSEQUENTIAL
#	DAMAGES ARISING  OUT  OF  THE  USE  OR  INABILITY  TO  USE  THE  PROGRAM
#	(INCLUDING BUT NOT LIMITED TO  LOSS  OF  DATA  OR  DATA  BEING  RENDERED
#	INACCURATE OR LOSSES SUSTAINED BY YOU OR THIRD PARTIES OR A  FAILURE  OF
#	THE PROGRAM TO OPERATE WITH ANY OTHER PROGRAMS), EVEN IF VTIP  AND  HITS
#	OR OTHER PARTY HAS BEEN ADVISED OF THE POSSIBILITY OF SUCH DAMAGES.
#	
#	Reference to SABIO-RK  Users  will  cite  SABIO-RK  in  publications  or
#	presentations, whenever the data used was extracted from  the  database.
#	Termination This  agreement  is  effective  until  terminated.  You  may
#	terminate this agreement  at  any  time  by  destroying  all  associated
#	material (e.g., documentation or web service clients) to the database in
#	your possession and by stopping any access to the database  directly  or
#	from  software  generated  by  you.  This   agreement   will   terminate
#	immediately without notice from and HITS if you fail to comply with  any
#	of the terms and conditions of this license. This  agreement  will  also
#	terminate immediately without notice from the HITS if  it  is  found  to
#	implement patented algorithms or contain copyrighted code not  owned  or
#	licensed the HITS for the purpose  of  its  inclusion  in  the  SABIO-RK
#	Database. This agreement cannot be terminated by any other mechanism  or
#	for any other reason than those stated herein.
#	
#	Place of Court
#	The exclusive venue for all disputes arising from or in connection  with
#	this Agreement is Mannheim, Germany (HRB 337446), when the Licensee is a
#	business person, a legal entity governed by public  law,  or  a  special
#	fund governed by public law,  or  does  not  have  a  general  place  of
#	jurisdiction  within  the  Federal  Republic  of  Germany.  Address  all
#	correspondence  regarding  this  license  to  electronic  mail  address:
#	sabiork at h-its.org Any inquiries  and  comments  regarding  bugs,  bug
#	fixes, enhancements, modifications or any other similar issues should be
#	directed to: sabiork at h-its.org
#	
#	Copyright 2007 by HITS, gGmbH. All rights reserved.
#	(http://sabiork.h-its.org/layouts/content/termscondition.gsp)
#
#RESOURCE:	The SEED
#PREFIX:	seed
#URL:	http://modelseed.org
#VERSION:	(downloaded on 2017/04/13)
#LICENSE:	
#	All tools and datasets that make up the SEED are in the public domain.
#	(http://modelseed.org)
#
#RESOURCE:	SwissLipids
#PREFIX:	slm
#URL:	http://www.swisslipids.org/
#VERSION:	(downloaded on 2017/04/13)
#LICENSE:	
#	SwissLipids  is  licensed  under  a  Creative  Commons   Attribution-Non
#	Commercial-NoDerivatives 4.0 International License.
#	
#	Commercial users and those who wish to  use  this  work  for  commercial
#	purposes  please  contact  the  SIB  technology  transfer  officer   at:
#	marc.filliettaz@genebio.com
#	(http://www.swisslipids.org/#/downloads)
#
#
#MNX_ID	Description	Source
BOUNDARY	model boundary	BOUNDARY
MNXC0	cellular_component	go:0005575
MNXC1	cell	go:0005623
MNXC2	extracellular region	go:0005576
MNXC3	cytoplasm	go:0005737
MNXC4	mitochondrion	go:0005739
MNXC5	mitochondrial membrane	go:0031966
MNXC6	nucleus	go:0005634
MNXC7	nuclear membrane	go:0031965
MNXC8	chloroplast	go:0009507
MNXC9	vacuole	go:0005773
MNXC10	vacuolar membrane	go:0005774
MNXC11	endoplasmic reticulum	go:0005783
MNXC12	endoplasmic reticulum membrane	go:0005789
MNXC13	peroxisome	go:0005777
MNXC14	peroxisomal membrane	go:0005778
MNXC15	Golgi apparatus	go:0005794
MNXC16	Golgi membrane	go:0000139
MNXC17	lysosome	go:0005764
MNXC18	plastid	go:0009536
MNXC19	periplasmic space	go:0042597
MNXC20	plasma membrane	go:0005886
MNXC21	outer membrane	go:0019867
MNXC22	cell wall	go:0005618
MNXC23	glycosome	go:0020015
MNXC24	glyoxysome	go:0009514
MNXC25	apicoplast	go:0020011
MNXC26	provirus	go:0019038
MNXC27	virion	go:0019012
MNXC28	bacterial-type flagellum	go:0009288
MNXC29	acidocalcisome	go:0020022
MNXC30	cilium	go:0005929
MNXC31	cytoskeleton	go:0005856
MNXC32	eyespot apparatus	go:1990413
MNXD1	generic compartment 1	MNXD1
MNXD2	generic compartment 2	MNXD2
MNXD3	generic compartment 3	MNXD3
MNXD4	generic compartment 4	MNXD4
MNXD5	generic compartment 5	MNXD5
MNXDX	any compartment	MNXDX
